,"('EWN', 'EWU')","('EWN', 'EWU')","('EWL', 'EWO')","('EWL', 'EWO')","('EWH', 'EWJ')","('EWH', 'EWJ')","('EWI', 'EWP')","('EWI', 'EWP')","('EWC', 'EWD')","('EWC', 'EWD')"
,Copula,Linear,Copula,Linear,Copula,Linear,Copula,Linear,Copula,Linear
Annualized Return,0.07611260311832117,0.1292775695198134,-0.039642649158710026,0.04498221271843306,0.014123275921598339,0.016470212207932683,0.004415177475283457,0.08458006907828801,0.0797036853451663,0.10007276763326015
Annualized Volatility,0.0603313943116088,0.044248760584703305,0.09143024106083142,0.03787637757777511,0.029842158523563884,0.03654523386850715,0.029340275255653372,0.05476106095148483,0.031621152693408455,0.04759546380476611
Annualized Sharpe Ratio,1.2615754034326336,2.9216088272651946,-0.433583557242669,1.1876059854474434,0.47326589698417276,0.45068016987369414,0.15048180144229312,1.5445294084645496,2.520581274122269,2.1025694390489176
Annualized Sortino Ratio,0.9959523875452816,2.25089191965974,-0.5012283849459879,1.566232312045922,0.3821747261989181,0.34731828511464596,0.12036205069407507,1.3043903464431543,2.5509750929655257,1.8092993034658542
Market Beta,0.03607411093749794,0.011114441358599183,0.09249760443668245,0.021685178433094393,0.03831938421562232,0.022345825440968983,-0.004503744162432068,-0.010522398569636562,-0.0004723913998913474,0.005907719610515443
Market Alpha,0.0003160005951885651,0.00051730929630612,-0.00012150071950864415,0.00018689647963010495,7.088048174232032e-05,7.400939661268718e-05,1.5776875567428733e-05,0.00033156134203827885,0.00031610157456123637,0.00039940139049703035
Max Drawdown,-0.04586116488107716,-0.018195478707842737,-0.1225236748358596,-0.033002792396951815,-0.014827414482269043,-0.032566402398712856,-0.01571095602767582,-0.01678774563049641,-0.011870291376503767,-0.01868397662952181
