,"('IWB', 'SPY')","('IWB', 'SPY')","('IWP', 'SLYG')","('IWP', 'SLYG')","('IWV', 'VTI')","('IWV', 'VTI')","('DIA', 'OEF')","('DIA', 'OEF')","('IYW', 'XNTK')","('IYW', 'XNTK')"
,Copula,Linear,Copula,Linear,Copula,Linear,Copula,Linear,Copula,Linear
Annualized Return,0.10571435153546298,0.05603737690244042,0.04312665418550199,0.0535438659713421,0.07300042395821824,0.035447641500916935,0.1030886695318317,0.13867453876356894,0.024426620499209697,0.036511301709690976
Annualized Volatility,0.02419694707152428,0.017877963193192473,0.07814845540013435,0.049718675609396044,0.02360414974301523,0.013764463841723003,0.07442729741050666,0.05577132070266423,0.010948516295966786,0.012795080170152849
Annualized Sharpe Ratio,4.368912789823429,3.134438542964346,0.5518554904852009,1.0769366905908322,3.092694494527175,2.5753012909567627,1.3850922056626902,2.4864847562583248,2.231043900277883,2.853542238434823
Annualized Sortino Ratio,9.651424040665898,4.553310451281228,0.5687449685430311,0.8912575558749047,2.115926019542608,1.7924648722807623,1.3153565091953607,2.3863819915848183,1.9104575443724519,3.8106258065384377
Market Beta,-0.02390491900251803,-0.016377113152216738,-0.07060254009494324,-0.029713535244610453,-0.003505228373238747,-0.01006273818922936,-0.10237732617230841,-0.03814480817970702,0.004105029290424584,0.011734913885918716
Market Alpha,0.0004306165859053325,0.0002299854922806644,0.00020396593626389905,0.00022629171117099036,0.0002913140657967138,0.00014534416625020143,0.00045668492437133756,0.0005680321728586883,9.502229752489827e-05,0.00013942967571743667
Max Drawdown,-0.003074395895128335,-0.0024726944829775444,-0.09994615116952094,-0.06276682280700997,-0.007017632312734729,-0.004008450455047747,-0.04155102602361785,-0.01715002708880355,-0.002475320313798052,-0.002344940466112897
