,"('IJH', 'MDY')","('IJH', 'MDY')","('IVV', 'SPY')","('IVV', 'SPY')","('IWB', 'SPTM')","('IWB', 'SPTM')","('IWF', 'SPYG')","('IWF', 'SPYG')","('IJR', 'IMCB')","('IJR', 'IMCB')"
,Copula,Linear,Copula,Linear,Copula,Linear,Copula,Linear,Copula,Linear
Annualized Return,0.3472880551093659,0.47091737615539697,0.4691620831400687,0.4800944585319973,0.722227165241478,0.49084741058696235,0.3287590967335281,0.3445526283573711,0.38201559914806327,0.314558965257847
Annualized Volatility,0.10323350844227627,0.08503014231671335,0.13090152405791522,0.138390645047207,0.355484028141806,0.43383624310257773,0.06910754973433086,0.06323415546827682,0.14419499848100778,0.11129181964753182
Annualized Sharpe Ratio,3.3641020280111316,5.538240479492111,3.58408419242312,3.4691250869466668,2.0316726155510274,1.1314117213367643,4.757209566789329,5.448837353892163,2.649298541366394,2.8264338408166476
Annualized Sortino Ratio,2.299311290264231,6.860398373340475,1.8783065594498107,3.684425338910127,3.376323747619296,0.4816053967456511,6.998613393016849,12.071066727795618,2.181437340038832,2.9210420760232956
Market Beta,-0.042436664979323496,-0.002954066631255102,-0.1180217073965403,0.08128514370115354,-0.0249128068779141,0.2914852626218422,0.014986949812978406,0.0021887842686723865,-0.02359433826444119,-0.012880796709218913
Market Alpha,0.0013126626735637768,0.001864162683045832,0.001679689201403063,0.0020305305163219275,0.0028275493030348276,0.002397464232860044,0.0013277190699098763,0.0013706488425861679,0.0014795373292668737,0.0012283794200682405
Max Drawdown,-0.04511889986549462,-0.016619377634608967,-0.06996810921383234,-0.05307909822691552,-0.05073625128973441,-0.289334417172835,-0.012685916459038816,-0.01386332081991228,-0.08494706029827351,-0.043482248342854475
