,"('IJH', 'MDY')","('IJH', 'MDY')","('IVV', 'SPY')","('IVV', 'SPY')","('IWB', 'SPTM')","('IWB', 'SPTM')","('IWF', 'SPYG')","('IWF', 'SPYG')","('IJR', 'IMCB')","('IJR', 'IMCB')"
,Copula,Linear,Copula,Linear,Copula,Linear,Copula,Linear,Copula,Linear
Annualized Return,0.36373435538708543,0.47091737615539697,0.4373024529171172,0.4800944585319973,0.6416636997812682,0.49084741058696235,0.3351707266942424,0.3445526283573711,0.010769451312800271,0.314558965257847
Annualized Volatility,0.10541240158295354,0.08503014231671335,0.08245054619679042,0.138390645047207,0.2526226488550654,0.43383624310257773,0.06721374852014884,0.06323415546827682,0.14392325167840359,0.11129181964753182
Annualized Sharpe Ratio,3.4505840861698545,5.538240479492111,5.303815112071875,3.4691250869466668,2.540008596574424,1.1314117213367643,4.986639401517197,5.448837353892163,0.07482773761160291,2.8264338408166476
Annualized Sortino Ratio,2.593422051373173,6.860398373340475,6.690566173264906,3.684425338910127,4.723756477200683,0.4816053967456511,10.28085179030817,12.071066727795618,0.07219771954446333,2.9210420760232956
Market Beta,-0.043641723105438956,-0.002954066631255102,0.00061800351572841,0.08128514370115354,0.1864201863452278,0.2914852626218422,0.006707444327305262,0.0021887842686723865,0.08266077458342888,-0.012880796709218913
Market Alpha,0.0013760667981165683,0.001864162683045832,0.0017362805515307054,0.0020305305163219275,0.002833863901480157,0.002397464232860044,0.0013403897432831583,0.0013706488425861679,0.0001702517982976344,0.0012283794200682405
Max Drawdown,-0.04444042833489953,-0.016619377634608967,-0.018366336177323486,-0.05307909822691552,-0.04705613344765546,-0.289334417172835,-0.009548368178209345,-0.01386332081991228,-0.1731512817197989,-0.043482248342854475
