,"('ITOT', 'SPLG')","('ITOT', 'SPLG')","('IVE', 'SPYV')","('IVE', 'SPYV')","('IVV', 'SPY')","('IVV', 'SPY')","('IYY', 'SCHB')","('IYY', 'SCHB')","('SCHX', 'VV')","('SCHX', 'VV')"
,Copula,Linear,Copula,Linear,Copula,Linear,Copula,Linear,Copula,Linear
Annualized Return,0.30160174544184615,0.2787218037797213,0.1410604061613195,0.10748563034454434,0.09096787905401794,0.07417500805001682,0.051342030722515676,0.051640177674214555,0.021456186657907945,0.034343639197594346
Annualized Volatility,0.08579080180869103,0.0826750972882263,0.04374456102808429,0.04141512058650506,0.0478941888708171,0.030514845439112488,0.01637349104841395,0.020334033583895614,0.010376375391409913,0.010252437015540112
Annualized Sharpe Ratio,3.5155487427941536,3.371290907684409,3.224638740134066,2.595323370362661,1.8993510736632708,2.430784327517609,3.135680141193165,2.5395934093033636,2.0677920611536913,3.349802505056899
Annualized Sortino Ratio,3.8763334444278876,3.9622455674585986,8.758354603473505,6.730411987910254,3.4353949195988682,1.6603750554203374,4.199405664721069,0.9825492493963152,9.069318690877072,13.638359954554877
Market Beta,0.030925902712900563,0.007214469108361597,0.08244556203707534,0.0513196703138285,0.016123984753493185,-0.006041099740079037,-0.008866074712136686,0.009984829888441429,0.0013101759433633035,-0.00032646622140782087
Market Alpha,0.0011671821017626986,0.0010991220287856736,0.00048071880140409726,0.0003773275249976923,0.0003455247703000961,0.00030013717679739033,0.00021223856977875175,0.0001953483803847534,8.388746614657494e-05,0.00013659728214862778
Max Drawdown,-0.013478749625239934,-0.013480667454049649,-0.0040809205198138725,-0.0038540317862706735,-0.006908648905625598,-0.008362353992667245,-0.002056503164709547,-0.010307688380620105,-0.0004961106532879241,-0.0006746333567672874
