,"('IVE', 'VOOV')","('IVE', 'VOOV')","('IVW', 'SPYG')","('IVW', 'SPYG')","('IJK', 'MDYG')","('IJK', 'MDYG')","('IJH', 'MDY')","('IJH', 'MDY')","('IWD', 'VONV')","('IWD', 'VONV')"
,Copula,Linear,Copula,Linear,Copula,Linear,Copula,Linear,Copula,Linear
Annualized Return,0.22143558609797132,0.17406492522392125,0.1479987256742748,0.11987365321732309,0.3359345279085669,0.23367192427945138,0.21007246677923846,0.20867564785186754,0.15812949302593124,0.09685737306816991
Annualized Volatility,0.10908161716264456,0.10874903331110358,0.057225740450390035,0.055032688650560775,0.10010368148273338,0.09613845087887757,0.13331682568083755,0.1280430245278263,0.038250949923396914,0.030955298082495218
Annualized Sharpe Ratio,2.0299991131209856,1.6006112415359626,2.5862264867079774,2.1782263624894074,3.3558658675956026,2.430577174307175,1.5757385889321656,1.629730698891123,4.134001726561262,3.128943317232709
Annualized Sortino Ratio,7.429796295317899,,13.28597328656148,9.111259264428043,23.62832529193873,7.540040750188439,9.660833702503442,7.873462947678377,13.973369707794799,4.071361250038784
Market Beta,-0.05298673848611134,-0.06932221800619318,-0.013034856809278673,-0.01451930852992342,0.0008726395887080611,0.037589948876722755,0.0032194642905466384,-0.014265990776268816,-0.004478800424971074,-0.01279297457826849
Market Alpha,0.0009046612917414272,0.0007246822845153437,0.0005936799563293991,0.0004827994911629135,0.0013326461746685353,0.0009088610031415874,0.0008320442649027754,0.0008350643040716285,0.0006296913448988842,0.00039061962642012864
Max Drawdown,-0.005559448752018298,-0.00041844847949919526,-0.0014157408410091492,-0.003204264413236461,-0.004495800552667334,-0.005097618646095635,-0.004684331493761266,-0.004594918428511043,-0.004263533906801495,-0.0042395256127025025
