,"('IVE', 'VOOV')","('IVE', 'VOOV')","('CRBN', 'NZAC')","('CRBN', 'NZAC')","('IWB', 'VONE')","('IWB', 'VONE')","('SCHB', 'VTI')","('SCHB', 'VTI')","('IWF', 'VONG')","('IWF', 'VONG')"
,Copula,Linear,Copula,Linear,Copula,Linear,Copula,Linear,Copula,Linear
Annualized Return,0.09440950133202691,0.047683199187052994,0.16269586793572888,0.11737034215277035,0.09287899764319142,0.13067514588601428,0.06718370402461162,0.040354682719941935,0.09864289035844478,0.09296580168911843
Annualized Volatility,0.036045753888690184,0.013512387312168788,0.06334160015044116,0.05088034835972202,0.043705493921396936,0.029877151918233088,0.026080598225539414,0.019077084682095145,0.028516697626650586,0.030135360847310153
Annualized Sharpe Ratio,2.6191573527235645,3.5288508303866597,2.5685468562416123,2.3067912452754205,2.1251103536372704,4.373748416302939,2.5760031822744773,2.1153485132776573,3.459127408436558,3.084940716660323
Annualized Sortino Ratio,6.6346654905180085,1.7526874813764683,9.74078223524688,,3.446418470864884,8.247469766618426,8.284759612642114,1.1330217251839858,17.19593396474883,1.5682443488193525
Market Beta,-0.005334565536762337,-0.005761730120792681,0.014987758369663071,0.023540475151845756,-0.013269345738107306,-0.013207104808733149,-0.003931664058752621,-0.00490579872511725,-0.01005487854950451,0.009667894266036245
Market Alpha,0.0003801649321069781,0.00019518543602879587,0.0006300983873626833,0.0004413786733132357,0.0003823081350588258,0.0005322283985284259,0.00027067332018084335,0.00016521768667578747,0.00040185207742360275,0.00035890060543779977
Max Drawdown,-0.004181327390336442,-0.005713546951469358,-0.0055329480180884615,-0.005566331014592075,-0.007234114927225155,-0.009489225545843154,-0.0020573560618421744,-0.008863668158374857,-0.0017019774814814419,-0.015280426722899794
