,"('IWO', 'VTWG')","('IWO', 'VTWG')","('IVV', 'SPLG')","('IVV', 'SPLG')","('VTHR', 'VTI')","('VTHR', 'VTI')","('IVE', 'SPYV')","('IVE', 'SPYV')","('SPY', 'VOO')","('SPY', 'VOO')"
,Copula,Linear,Copula,Linear,Copula,Linear,Copula,Linear,Copula,Linear
Annualized Return,0.23877481452643756,0.20247318482030685,0.09640923292058702,0.2287274428849625,0.10608682359552773,0.2315954216066491,0.05124746784645035,0.05787786067260603,0.09424678705108937,0.07629856640144127
Annualized Volatility,0.08772971056956909,0.05683340668911639,0.07206727284230736,0.08465380213237106,0.042110485457531655,0.05473642284819453,0.034479031151383316,0.02415281349590956,0.060799887557999616,0.042958520948486775
Annualized Sharpe Ratio,2.7217098173040326,3.5625734337526613,1.3377671877711128,2.7019157689728694,2.519249598832483,4.231102610577122,1.4863372355633688,2.396319612305541,1.5501144958727648,1.776098541496199
Annualized Sortino Ratio,11.037277453568693,4.27389172708915,2.0573580405916325,3.9035598912268252,3.529008106296823,6.859491282637626,3.723899112713437,0.773630333662374,3.4027685551364506,0.6561214436962519
Market Beta,-0.0556837831003391,-0.0069810704378515534,0.004559281827520676,-0.01909237284231277,0.008698202680851586,-0.003636089565377182,0.0023713559597371933,0.012350587753662079,0.005961662402891937,-0.008038971420470399
Market Alpha,0.0009044976722216824,0.0007980714262779815,0.0003860988338979736,0.0008928977668561714,0.0004276997123191998,0.0009162201987351062,0.00020519508331567644,0.00023921614593049996,0.00037860118230947384,0.00029656115904329436
Max Drawdown,-0.003691811819026593,-0.009987167299442894,-0.01506426330193274,-0.02231783131451086,-0.0074835952062739285,-0.005966123956021279,-0.00299525030434316,-0.012275988213848692,-0.005689458182016303,-0.03839839456340242
